{
    "classification_scores": {
        "accuracy": 0.7075962539021852,
        "aopc_thresholds": [
            0.01,
            0.05,
            0.1,
            0.2,
            0.5
        ],
        "comprehensiveness": -0.004191705559937565,
        "comprehensiveness_aopc": -0.004191705559937565,
        "comprehensiveness_aopc_points": [
            -0.004191705559937565
        ],
        "comprehensiveness_entropy": 0.015646448050888953,
        "comprehensiveness_kl": 0.01248618500394004,
        "prf": {
            "accuracy": 0.7075962539021852,
            "macro avg": {
                "f1-score": 0.7072297843044781,
                "precision": 0.7452411940581185,
                "recall": 0.7375553310803782,
                "support": 1922
            },
            "non-toxic": {
                "f1-score": 0.7175879396984924,
                "precision": 0.5945045795170691,
                "recall": 0.9049429657794676,
                "support": 789
            },
            "toxic": {
                "f1-score": 0.6968716289104638,
                "precision": 0.8959778085991679,
                "recall": 0.5701676963812886,
                "support": 1133
            },
            "weighted avg": {
                "f1-score": 0.7053758792807837,
                "precision": 0.7722200678365373,
                "recall": 0.7075962539021852,
                "support": 1922
            }
        },
        "sufficiency": -0.0035495499426638918,
        "sufficiency_aopc": -0.0035495499426638918,
        "sufficiency_aopc_points": [
            -0.0035495499426638918
        ],
        "sufficiency_entropy": 0.010469601771203358,
        "sufficiency_kl": 0.011728485159988158
    },
    "iou_scores": [
        {
            "macro": {
                "f1": 0.13666652550029773,
                "p": 0.09062659504907161,
                "r": 0.27778758458370084
            },
            "micro": {
                "f1": 0.0812274368231047,
                "p": 0.047654347135444246,
                "r": 0.2748930971288943
            },
            "threshold": 0.5
        }
    ],
    "rationale_prf": {
        "instance_macro": {
            "f1": 0.02413224464014081,
            "p": 0.020035784252745756,
            "r": 0.03968955948664585
        },
        "instance_micro": {
            "f1": 0.020216606498194945,
            "p": 0.011860637509266123,
            "r": 0.06841783750763591
        }
    },
    "token_prf": {
        "instance_macro": {
            "f1": 0.22846141153422617,
            "p": 0.2659023406576046,
            "r": 0.29383265502786965
        },
        "instance_micro": {
            "f1": 0.301614162978391,
            "p": 0.22861371484953133,
            "r": 0.4431057563587684
        }
    },
    "token_soft_metrics": {
        "auprc": 0.5004654566736996,
        "average_precision": 0.4780259383108534,
        "roc_auc_score": 0.5472341172712389
    }
}